timestamp,long_avg,short_avg,index_change,short_vs_long_diff_prozent,volatility_change
2025-08-16 07:49:20.026030,70.60088235294117,74.32407766990292,-0.4039002639741062,5.273581848947884,2.4590168511125663
2025-08-16 07:49:24.890719,70.60088235294117,74.32407766990292,-0.4039002639741062,5.273581848947884,2.4590168511125663
2025-08-16 07:49:24.940179,70.60088235294117,74.32407766990292,-0.4039002639741062,5.273581848947884,2.4590168511125663
2025-08-16 07:49:24.971685,70.60088235294117,74.32407766990292,-0.4039002639741062,5.273581848947884,2.4590168511125663
2025-08-16 07:49:25.006803,70.60088235294117,74.32407766990292,-0.4039002639741062,5.273581848947884,2.4590168511125663
2025-08-16 07:49:25.040297,70.60088235294117,74.32407766990292,-0.4039002639741062,5.273581848947884,2.4590168511125663
2025-08-16 07:49:25.080535,70.60088235294117,74.32407766990292,-0.4039002639741062,5.273581848947884,2.4590168511125663
2025-08-16 07:49:25.127968,74.32407766990292,74.32407766990292,-0.4039002639741062,0.0,2.4590168511125663
2025-08-16 07:49:25.142638,70.60088235294117,74.32407766990292,-0.4039002639741062,5.273581848947884,2.4590168511125663
2025-08-16 07:49:25.165811,70.60088235294117,74.32407766990292,-0.4039002639741062,5.273581848947884,2.4590168511125663
2025-08-16 07:49:25.198177,74.32407766990292,74.32407766990292,-0.4039002639741062,0.0,2.4590168511125663
2025-08-16 07:49:25.248695,74.32407766990292,74.32407766990292,-0.4039002639741062,0.0,2.4590168511125663
2025-08-16 07:49:28.115085,70.60088235294117,74.32407766990292,-0.4039002639741062,5.273581848947884,2.4590168511125663
2025-08-16 07:49:30.018237,70.60088235294117,74.32407766990292,-0.4039002639741062,5.273581848947884,2.4590168511125663
2025-08-16 07:49:30.027205,70.60088235294117,74.32407766990292,-0.4039002639741062,5.273581848947884,2.4590168511125663
2025-08-16 07:49:30.048813,70.60088235294117,74.32407766990292,-0.4039002639741062,5.273581848947884,2.4590168511125663
2025-08-16 07:49:30.094348,70.60088235294117,74.32407766990292,-0.4039002639741062,5.273581848947884,2.4590168511125663
2025-08-16 07:49:30.137951,70.60088235294117,74.32407766990292,-0.4039002639741062,5.273581848947884,2.4590168511125663
2025-08-16 07:49:30.165957,70.60088235294117,74.32407766990292,-0.4039002639741062,5.273581848947884,2.4590168511125663
2025-08-16 07:49:30.206798,70.60088235294117,74.32407766990292,-0.4039002639741062,5.273581848947884,2.4590168511125663
2025-08-16 07:49:30.227766,70.60088235294117,74.32407766990292,-0.4039002639741062,5.273581848947884,2.4590168511125663
2025-08-16 07:49:30.268507,70.60088235294117,74.32407766990292,-0.4039002639741062,5.273581848947884,2.4590168511125663
2025-08-16 07:49:30.336645,70.60088235294117,74.32407766990292,-0.4039002639741062,5.273581848947884,2.4590168511125663
2025-08-16 07:49:30.354758,70.60088235294117,74.32407766990292,-0.4039002639741062,5.273581848947884,2.4590168511125663
2025-08-16 07:49:30.391972,70.60088235294117,74.32407766990292,-0.4039002639741062,5.273581848947884,2.4590168511125663
2025-08-16 07:49:32.012924,70.60088235294117,74.32407766990292,-0.4039002639741062,5.273581848947884,2.4590168511125663
2025-08-16 07:49:33.180744,70.60088235294117,74.32407766990292,-0.4039002639741062,5.273581848947884,2.4590168511125663
2025-08-16 07:49:35.277376,70.60088235294117,74.32407766990292,-0.4039002639741062,5.273581848947884,2.4590168511125663
2025-08-16 07:49:35.307399,70.60088235294117,74.32407766990292,-0.4039002639741062,5.273581848947884,2.4590168511125663
2025-08-16 07:49:35.338979,70.60088235294117,74.32407766990292,-0.4039002639741062,5.273581848947884,2.4590168511125663
2025-08-16 07:49:35.375397,70.60088235294117,74.32407766990292,-0.4039002639741062,5.273581848947884,2.4590168511125663
2025-08-16 07:49:35.443820,70.60088235294117,74.32407766990292,-0.4039002639741062,5.273581848947884,2.4590168511125663
2025-08-16 07:49:35.454202,70.60088235294117,74.32407766990292,-0.4039002639741062,5.273581848947884,2.4590168511125663
2025-08-16 07:49:35.475253,70.60088235294117,74.32407766990292,-0.4039002639741062,5.273581848947884,2.4590168511125663
2025-08-16 07:49:35.506121,70.60088235294117,74.32407766990292,-0.4039002639741062,5.273581848947884,2.4590168511125663
2025-08-16 07:49:35.528104,70.60088235294117,74.32407766990292,-0.4039002639741062,5.273581848947884,2.4590168511125663
2025-08-16 07:49:35.540147,70.60088235294117,74.32407766990292,-0.4039002639741062,5.273581848947884,2.4590168511125663
2025-08-16 07:49:35.575013,70.60088235294117,74.32407766990292,-0.4039002639741062,5.273581848947884,2.4590168511125663
2025-08-16 07:49:35.585347,70.60088235294117,74.32407766990292,-0.4039002639741062,5.273581848947884,2.4590168511125663
2025-08-16 07:49:35.612815,70.60088235294117,74.32407766990292,-0.4039002639741062,5.273581848947884,2.4590168511125663
2025-08-16 07:49:37.269145,70.60088235294117,74.32407766990292,-0.4039002639741062,5.273581848947884,2.4590168511125663
2025-08-16 07:49:38.297217,70.60088235294117,74.32407766990292,-0.4039002639741062,5.273581848947884,2.4590168511125663
2025-08-16 07:49:40.404632,70.60088235294117,74.32407766990292,-0.4039002639741062,5.273581848947884,2.4590168511125663
2025-08-16 07:49:40.428725,70.60088235294117,74.32407766990292,-0.4039002639741062,5.273581848947884,2.4590168511125663
2025-08-16 07:49:40.440204,70.60088235294117,74.32407766990292,-0.4039002639741062,5.273581848947884,2.4590168511125663
2025-08-16 07:49:40.497730,70.60088235294117,74.32407766990292,-0.4039002639741062,5.273581848947884,2.4590168511125663
2025-08-16 07:49:40.525440,70.60088235294117,74.32407766990292,-0.4039002639741062,5.273581848947884,2.4590168511125663
2025-08-16 07:49:40.596783,70.60088235294117,74.32407766990292,-0.4039002639741062,5.273581848947884,2.4590168511125663
2025-08-16 07:49:40.617023,70.60088235294117,74.32407766990292,-0.4039002639741062,5.273581848947884,2.4590168511125663
2025-08-16 07:49:40.624549,70.60088235294117,74.32407766990292,-0.4039002639741062,5.273581848947884,2.4590168511125663
2025-08-16 07:49:40.651107,70.60088235294117,74.32407766990292,-0.4039002639741062,5.273581848947884,2.4590168511125663
2025-08-16 07:49:40.677057,70.60088235294117,74.32407766990292,-0.4039002639741062,5.273581848947884,2.4590168511125663
2025-08-16 07:49:40.701419,70.60088235294117,74.32407766990292,-0.4039002639741062,5.273581848947884,2.4590168511125663
2025-08-16 07:49:43.369578,70.60088235294117,74.32407766990292,-0.4039002639741062,5.273581848947884,2.4590168511125663
2025-08-16 07:49:45.506756,70.60088235294117,74.32407766990292,-0.4039002639741062,5.273581848947884,2.4590168511125663
2025-08-16 07:49:45.523667,70.60088235294117,74.32407766990292,-0.4039002639741062,5.273581848947884,2.4590168511125663
2025-08-16 07:49:45.567383,70.60088235294117,74.32407766990292,-0.4039002639741062,5.273581848947884,2.4590168511125663
2025-08-16 07:49:45.585809,70.60088235294117,74.32407766990292,-0.4039002639741062,5.273581848947884,2.4590168511125663
2025-08-16 07:49:45.608680,70.60088235294117,74.32407766990292,-0.4039002639741062,5.273581848947884,2.4590168511125663
2025-08-16 07:49:45.683374,70.60088235294117,74.32407766990292,-0.4039002639741062,5.273581848947884,2.4590168511125663
2025-08-16 07:49:45.707481,70.60088235294117,74.32407766990292,-0.4039002639741062,5.273581848947884,2.4590168511125663
2025-08-16 07:49:45.769186,70.60088235294117,74.32407766990292,-0.4039002639741062,5.273581848947884,2.4590168511125663
2025-08-16 07:49:45.794186,70.60088235294117,74.32407766990292,-0.4039002639741062,5.273581848947884,2.4590168511125663
2025-08-16 07:49:45.810662,70.60088235294117,74.32407766990292,-0.4039002639741062,5.273581848947884,2.4590168511125663
2025-08-16 07:49:48.611197,70.60088235294117,74.32407766990292,-0.4039002639741062,5.273581848947884,2.4590168511125663
2025-08-16 07:49:48.770891,70.60088235294117,74.32407766990292,-0.4039002639741062,5.273581848947884,2.4590168511125663
2025-08-16 07:49:50.661508,70.60088235294117,74.32407766990292,-0.4039002639741062,5.273581848947884,2.4590168511125663
2025-08-16 07:49:50.684413,70.60088235294117,74.32407766990292,-0.4039002639741062,5.273581848947884,2.4590168511125663
2025-08-16 07:49:50.697630,70.60088235294117,74.32407766990292,-0.4039002639741062,5.273581848947884,2.4590168511125663
2025-08-16 07:49:50.714039,70.60088235294117,74.32407766990292,-0.4039002639741062,5.273581848947884,2.4590168511125663
2025-08-16 07:49:50.731797,70.60088235294117,74.32407766990292,-0.4039002639741062,5.273581848947884,2.4590168511125663
2025-08-16 07:49:50.744820,70.60088235294117,74.32407766990292,-0.4039002639741062,5.273581848947884,2.4590168511125663
2025-08-16 07:49:50.764075,70.60088235294117,74.32407766990292,-0.4039002639741062,5.273581848947884,2.4590168511125663
2025-08-16 07:49:50.802638,70.60088235294117,74.32407766990292,-0.4039002639741062,5.273581848947884,2.4590168511125663
2025-08-16 07:49:50.875547,70.60088235294117,74.32407766990292,-0.4039002639741062,5.273581848947884,2.4590168511125663
2025-08-16 07:49:50.971506,70.60088235294117,74.32407766990292,-0.4039002639741062,5.273581848947884,2.4590168511125663
2025-08-16 07:49:50.992537,70.60088235294117,74.32407766990292,-0.4039002639741062,5.273581848947884,2.4590168511125663
2025-08-16 07:49:53.843620,70.60088235294117,74.32407766990292,-0.4039002639741062,5.273581848947884,2.4590168511125663
2025-08-16 07:49:53.854708,70.60088235294117,74.32407766990292,-0.4039002639741062,5.273581848947884,2.4590168511125663
2025-08-16 07:49:55.777997,70.60088235294117,74.32407766990292,-0.4039002639741062,5.273581848947884,2.4590168511125663
2025-08-16 07:49:55.793307,70.60088235294117,74.32407766990292,-0.4039002639741062,5.273581848947884,2.4590168511125663
2025-08-16 07:49:55.802311,70.60088235294117,74.32407766990292,-0.4039002639741062,5.273581848947884,2.4590168511125663
2025-08-16 07:49:55.823021,70.60088235294117,74.32407766990292,-0.4039002639741062,5.273581848947884,2.4590168511125663
2025-08-16 07:49:55.848210,70.60088235294117,74.32407766990292,-0.4039002639741062,5.273581848947884,2.4590168511125663
2025-08-16 07:49:55.876556,70.60088235294117,74.32407766990292,-0.4039002639741062,5.273581848947884,2.4590168511125663
2025-08-16 07:49:55.893473,70.60088235294117,74.32407766990292,-0.4039002639741062,5.273581848947884,2.4590168511125663
2025-08-16 07:49:55.971380,70.60088235294117,74.32407766990292,-0.4039002639741062,5.273581848947884,2.4590168511125663
2025-08-16 07:49:55.990497,70.60088235294117,74.32407766990292,-0.4039002639741062,5.273581848947884,2.4590168511125663
2025-08-16 07:49:56.041674,70.60088235294117,74.32407766990292,-0.4039002639741062,5.273581848947884,2.4590168511125663
2025-08-16 07:49:56.056520,70.60088235294117,74.32407766990292,-0.4039002639741062,5.273581848947884,2.4590168511125663
2025-08-16 07:49:58.956044,70.60088235294117,74.32407766990292,-0.4039002639741062,5.273581848947884,2.4590168511125663
2025-08-16 07:49:59.050830,70.60088235294117,74.32407766990292,-0.4039002639741062,5.273581848947884,2.4590168511125663
2025-08-16 07:50:00.869340,70.60088235294117,74.32407766990292,-0.4039002639741062,5.273581848947884,2.4590168511125663
2025-08-16 07:50:00.908610,70.60088235294117,74.32407766990292,-0.4039002639741062,5.273581848947884,2.4590168511125663
2025-08-16 07:50:00.924141,70.60088235294117,74.32407766990292,-0.4039002639741062,5.273581848947884,2.4590168511125663
2025-08-16 07:50:00.979656,70.60088235294117,74.32407766990292,-0.4039002639741062,5.273581848947884,2.4590168511125663
2025-08-16 07:50:01.063754,70.60088235294117,74.32407766990292,-0.4039002639741062,5.273581848947884,2.4590168511125663
2025-08-16 07:50:01.116649,70.60088235294117,74.32407766990292,-0.4039002639741062,5.273581848947884,2.4590168511125663
2025-08-16 07:50:01.190880,70.60088235294117,74.32407766990292,-0.4039002639741062,5.273581848947884,2.4590168511125663
2025-08-16 07:50:01.207256,70.60088235294117,74.32407766990292,-0.4039002639741062,5.273581848947884,2.4590168511125663
2025-08-16 07:50:01.221965,70.60088235294117,74.32407766990292,-0.4039002639741062,5.273581848947884,2.4590168511125663
2025-08-16 07:50:04.123755,70.60088235294117,74.32407766990292,-0.4039002639741062,5.273581848947884,2.4590168511125663
2025-08-16 07:50:05.961642,70.60088235294117,74.32407766990292,-0.4039002639741062,5.273581848947884,2.4590168511125663
2025-08-16 07:50:06.004409,70.60088235294117,74.32407766990292,-0.4039002639741062,5.273581848947884,2.4590168511125663
2025-08-16 07:50:06.078637,70.60088235294117,74.32407766990292,-0.4039002639741062,5.273581848947884,2.4590168511125663
2025-08-16 07:50:06.104507,70.60088235294117,74.32407766990292,-0.4039002639741062,5.273581848947884,2.4590168511125663
2025-08-16 07:50:06.152456,70.60088235294117,74.32407766990292,-0.4039002639741062,5.273581848947884,2.4590168511125663
2025-08-16 07:50:06.296187,70.60088235294117,74.32407766990292,-0.4039002639741062,5.273581848947884,2.4590168511125663
2025-08-16 07:50:06.328385,70.60088235294117,74.32407766990292,-0.4039002639741062,5.273581848947884,2.4590168511125663
2025-08-16 07:50:06.344653,70.60088235294117,74.32407766990292,-0.4039002639741062,5.273581848947884,2.4590168511125663
2025-08-16 07:50:09.214612,70.60088235294117,74.32407766990292,-0.4039002639741062,5.273581848947884,2.4590168511125663
2025-08-16 07:50:09.318740,70.60088235294117,74.32407766990292,-0.4039002639741062,5.273581848947884,2.4590168511125663
2025-08-16 07:50:11.124149,70.60088235294117,74.32407766990292,-0.4039002639741062,5.273581848947884,2.4590168511125663
2025-08-16 07:50:11.177310,70.60088235294117,74.32407766990292,-0.4039002639741062,5.273581848947884,2.4590168511125663
2025-08-16 07:50:11.243408,70.60088235294117,74.32407766990292,-0.4039002639741062,5.273581848947884,2.4590168511125663
2025-08-16 07:50:11.272592,70.60088235294117,74.32407766990292,-0.4039002639741062,5.273581848947884,2.4590168511125663
2025-08-16 07:50:11.434605,70.60088235294117,74.32407766990292,-0.4039002639741062,5.273581848947884,2.4590168511125663
2025-08-16 07:50:11.478969,70.60088235294117,74.32407766990292,-0.4039002639741062,5.273581848947884,2.4590168511125663
2025-08-16 07:50:14.345435,70.60088235294117,74.32407766990292,-0.4039002639741062,5.273581848947884,2.4590168511125663
2025-08-16 07:50:14.387897,70.60088235294117,74.32407766990292,-0.4039002639741062,5.273581848947884,2.4590168511125663
2025-08-16 07:50:16.232020,70.60088235294117,74.32407766990292,-0.4039002639741062,5.273581848947884,2.4590168511125663
2025-08-16 07:50:16.292606,70.60088235294117,74.32407766990292,-0.4039002639741062,5.273581848947884,2.4590168511125663
2025-08-16 07:50:16.317018,70.60088235294117,74.32407766990292,-0.4039002639741062,5.273581848947884,2.4590168511125663
2025-08-16 07:50:16.373387,70.60088235294117,74.32407766990292,-0.4039002639741062,5.273581848947884,2.4590168511125663
2025-08-16 07:50:16.523395,70.60088235294117,74.32407766990292,-0.4039002639741062,5.273581848947884,2.4590168511125663
2025-08-16 07:50:16.620032,70.60088235294117,74.32407766990292,-0.4039002639741062,5.273581848947884,2.4590168511125663
2025-08-16 07:50:19.426547,70.60088235294117,74.32407766990292,-0.4039002639741062,5.273581848947884,2.4590168511125663
2025-08-16 07:50:19.472568,70.60088235294117,74.32407766990292,-0.4039002639741062,5.273581848947884,2.4590168511125663
2025-08-16 07:50:21.366458,70.60088235294117,74.32407766990292,-0.4039002639741062,5.273581848947884,2.4590168511125663
2025-08-16 07:50:21.395946,70.60088235294117,74.32407766990292,-0.4039002639741062,5.273581848947884,2.4590168511125663
2025-08-16 07:50:21.428313,70.60088235294117,74.32407766990292,-0.4039002639741062,5.273581848947884,2.4590168511125663
2025-08-16 07:50:21.475963,70.60088235294117,74.32407766990292,-0.4039002639741062,5.273581848947884,2.4590168511125663
2025-08-16 07:50:21.486531,70.60088235294117,74.32407766990292,-0.4039002639741062,5.273581848947884,2.4590168511125663
2025-08-16 07:50:21.678448,70.60088235294117,74.32407766990292,-0.4039002639741062,5.273581848947884,2.4590168511125663
2025-08-16 07:50:21.702176,70.60088235294117,74.32407766990292,-0.4039002639741062,5.273581848947884,2.4590168511125663
2025-08-16 07:50:21.744341,70.60088235294117,74.32407766990292,-0.4039002639741062,5.273581848947884,2.4590168511125663
2025-08-16 07:50:24.624566,70.60088235294117,74.32407766990292,-0.4039002639741062,5.273581848947884,2.4590168511125663
2025-08-16 07:50:26.484219,70.60088235294117,74.32407766990292,-0.4039002639741062,5.273581848947884,2.4590168511125663
2025-08-16 07:50:26.520934,70.60088235294117,74.32407766990292,-0.4039002639741062,5.273581848947884,2.4590168511125663
2025-08-16 07:50:26.572327,70.60088235294117,74.32407766990292,-0.4039002639741062,5.273581848947884,2.4590168511125663
2025-08-16 07:50:26.618399,70.60088235294117,74.32407766990292,-0.4039002639741062,5.273581848947884,2.4590168511125663
2025-08-16 07:50:26.803819,70.60088235294117,74.32407766990292,-0.4039002639741062,5.273581848947884,2.4590168511125663
2025-08-16 07:50:26.825686,70.60088235294117,74.32407766990292,-0.4039002639741062,5.273581848947884,2.4590168511125663
2025-08-16 07:50:26.836268,70.60088235294117,74.32407766990292,-0.4039002639741062,5.273581848947884,2.4590168511125663
2025-08-16 07:50:29.704358,70.60088235294117,74.32407766990292,-0.4039002639741062,5.273581848947884,2.4590168511125663
2025-08-16 07:50:29.744263,70.60088235294117,74.32407766990292,-0.4039002639741062,5.273581848947884,2.4590168511125663
2025-08-16 07:50:31.661182,70.60088235294117,74.32407766990292,-0.4039002639741062,5.273581848947884,2.4590168511125663
2025-08-16 07:50:31.723500,70.60088235294117,74.32407766990292,-0.4039002639741062,5.273581848947884,2.4590168511125663
2025-08-16 07:50:31.875288,70.60088235294117,74.32407766990292,-0.4039002639741062,5.273581848947884,2.4590168511125663
2025-08-16 07:50:31.948922,70.60088235294117,74.32407766990292,-0.4039002639741062,5.273581848947884,2.4590168511125663
2025-08-16 07:50:31.959424,70.60088235294117,74.32407766990292,-0.4039002639741062,5.273581848947884,2.4590168511125663
2025-08-16 07:50:34.777618,70.60088235294117,74.32407766990292,-0.4039002639741062,5.273581848947884,2.4590168511125663
2025-08-16 07:50:34.817548,70.60088235294117,74.32407766990292,-0.4039002639741062,5.273581848947884,2.4590168511125663
2025-08-16 07:50:36.759357,70.60088235294117,74.32407766990292,-0.4039002639741062,5.273581848947884,2.4590168511125663
2025-08-16 07:50:36.840202,70.60088235294117,74.32407766990292,-0.4039002639741062,5.273581848947884,2.4590168511125663
2025-08-16 07:50:36.879765,70.60088235294117,74.32407766990292,-0.4039002639741062,5.273581848947884,2.4590168511125663
2025-08-16 07:50:37.033942,70.60088235294117,74.32407766990292,-0.4039002639741062,5.273581848947884,2.4590168511125663
2025-08-16 07:50:37.086196,70.60088235294117,74.32407766990292,-0.4039002639741062,5.273581848947884,2.4590168511125663
2025-08-16 07:50:37.112041,70.60088235294117,74.32407766990292,-0.4039002639741062,5.273581848947884,2.4590168511125663
2025-08-16 07:50:39.908799,70.60088235294117,74.32407766990292,-0.4039002639741062,5.273581848947884,2.4590168511125663
2025-08-16 07:50:39.934273,70.60088235294117,74.32407766990292,-0.4039002639741062,5.273581848947884,2.4590168511125663
2025-08-16 07:50:41.838306,70.60088235294117,74.32407766990292,-0.4039002639741062,5.273581848947884,2.4590168511125663
2025-08-16 07:50:41.882343,70.60088235294117,74.32407766990292,-0.4039002639741062,5.273581848947884,2.4590168511125663
2025-08-16 07:50:41.959993,70.60088235294117,74.32407766990292,-0.4039002639741062,5.273581848947884,2.4590168511125663
2025-08-16 07:50:41.984060,70.60088235294117,74.32407766990292,-0.4039002639741062,5.273581848947884,2.4590168511125663
2025-08-16 07:50:42.114770,70.60088235294117,74.32407766990292,-0.4039002639741062,5.273581848947884,2.4590168511125663
2025-08-16 07:50:42.202399,70.60088235294117,74.32407766990292,-0.4039002639741062,5.273581848947884,2.4590168511125663
2025-08-16 07:50:45.002967,70.60088235294117,74.32407766990292,-0.4039002639741062,5.273581848947884,2.4590168511125663
2025-08-16 07:50:45.020202,70.60088235294117,74.32407766990292,-0.4039002639741062,5.273581848947884,2.4590168511125663
2025-08-16 07:50:46.918003,70.60088235294117,74.32407766990292,-0.4039002639741062,5.273581848947884,2.4590168511125663
2025-08-16 07:50:46.955533,70.60088235294117,74.32407766990292,-0.4039002639741062,5.273581848947884,2.4590168511125663
2025-08-16 07:50:47.120913,70.60088235294117,74.32407766990292,-0.4039002639741062,5.273581848947884,2.4590168511125663
2025-08-16 07:50:47.153924,70.60088235294117,74.32407766990292,-0.4039002639741062,5.273581848947884,2.4590168511125663
2025-08-16 07:50:47.341990,70.60088235294117,74.32407766990292,-0.4039002639741062,5.273581848947884,2.4590168511125663
2025-08-16 07:50:50.141072,70.60088235294117,74.32407766990292,-0.4039002639741062,5.273581848947884,2.4590168511125663
2025-08-16 07:50:52.080612,70.60088235294117,74.32407766990292,-0.4039002639741062,5.273581848947884,2.4590168511125663
2025-08-16 07:50:52.193055,70.60088235294117,74.32407766990292,-0.4039002639741062,5.273581848947884,2.4590168511125663
2025-08-16 07:50:52.274308,70.60088235294117,74.32407766990292,-0.4039002639741062,5.273581848947884,2.4590168511125663
2025-08-16 07:50:52.447037,70.60088235294117,74.32407766990292,-0.4039002639741062,5.273581848947884,2.4590168511125663
2025-08-16 07:50:52.472123,70.60088235294117,74.32407766990292,-0.4039002639741062,5.273581848947884,2.4590168511125663
2025-08-16 07:50:55.265644,70.60088235294117,74.32407766990292,-0.4039002639741062,5.273581848947884,2.4590168511125663
2025-08-16 07:50:55.287925,70.60088235294117,74.32407766990292,-0.4039002639741062,5.273581848947884,2.4590168511125663
2025-08-16 07:50:57.168694,70.60088235294117,74.32407766990292,-0.4039002639741062,5.273581848947884,2.4590168511125663
2025-08-16 07:50:57.378443,70.60088235294117,74.32407766990292,-0.4039002639741062,5.273581848947884,2.4590168511125663
2025-08-16 07:50:57.389743,70.60088235294117,74.32407766990292,-0.4039002639741062,5.273581848947884,2.4590168511125663
2025-08-16 07:50:57.549581,70.60088235294117,74.32407766990292,-0.4039002639741062,5.273581848947884,2.4590168511125663
2025-08-16 07:50:57.619612,70.60088235294117,74.32407766990292,-0.4039002639741062,5.273581848947884,2.4590168511125663
2025-08-16 07:51:00.376250,70.60088235294117,74.32407766990292,-0.4039002639741062,5.273581848947884,2.4590168511125663
2025-08-16 07:51:00.405784,70.60088235294117,74.32407766990292,-0.4039002639741062,5.273581848947884,2.4590168511125663
2025-08-16 07:51:02.248495,70.60088235294117,74.32407766990292,-0.4039002639741062,5.273581848947884,2.4590168511125663
2025-08-16 07:51:02.296653,70.60088235294117,74.32407766990292,-0.4039002639741062,5.273581848947884,2.4590168511125663
2025-08-16 07:51:02.456153,70.60088235294117,74.32407766990292,-0.4039002639741062,5.273581848947884,2.4590168511125663
2025-08-16 07:51:02.587730,70.60088235294117,74.32407766990292,-0.4039002639741062,5.273581848947884,2.4590168511125663
2025-08-16 07:51:02.684413,70.60088235294117,74.32407766990292,-0.4039002639741062,5.273581848947884,2.4590168511125663
2025-08-16 07:51:02.695476,70.60088235294117,74.32407766990292,-0.4039002639741062,5.273581848947884,2.4590168511125663
2025-08-16 07:51:02.714845,70.60088235294117,74.32407766990292,-0.4039002639741062,5.273581848947884,2.4590168511125663
2025-08-16 07:51:05.449792,70.60088235294117,74.32407766990292,-0.4039002639741062,5.273581848947884,2.4590168511125663
2025-08-16 07:51:05.519682,70.60088235294117,74.32407766990292,-0.4039002639741062,5.273581848947884,2.4590168511125663
2025-08-16 07:51:07.322626,70.60088235294117,74.32407766990292,-0.4039002639741062,5.273581848947884,2.4590168511125663
2025-08-16 07:51:07.375894,70.60088235294117,74.32407766990292,-0.4039002639741062,5.273581848947884,2.4590168511125663
2025-08-16 07:51:07.671856,70.60088235294117,74.32407766990292,-0.4039002639741062,5.273581848947884,2.4590168511125663
2025-08-16 07:51:07.711977,70.60088235294117,74.32407766990292,-0.4039002639741062,5.273581848947884,2.4590168511125663
2025-08-16 07:51:07.790285,70.60088235294117,74.32407766990292,-0.4039002639741062,5.273581848947884,2.4590168511125663
2025-08-16 07:51:07.808092,70.60088235294117,74.32407766990292,-0.4039002639741062,5.273581848947884,2.4590168511125663
2025-08-16 07:51:10.643047,70.60088235294117,74.32407766990292,-0.4039002639741062,5.273581848947884,2.4590168511125663
2025-08-16 07:51:12.440129,70.60088235294117,74.32407766990292,-0.4039002639741062,5.273581848947884,2.4590168511125663
2025-08-16 07:51:12.589910,70.60088235294117,74.32407766990292,-0.4039002639741062,5.273581848947884,2.4590168511125663
2025-08-16 07:51:12.805757,70.60088235294117,74.32407766990292,-0.4039002639741062,5.273581848947884,2.4590168511125663
2025-08-16 07:51:12.903057,70.60088235294117,74.32407766990292,-0.4039002639741062,5.273581848947884,2.4590168511125663
2025-08-16 07:51:12.978793,70.60088235294117,74.32407766990292,-0.4039002639741062,5.273581848947884,2.4590168511125663
2025-08-16 07:51:15.740734,70.60088235294117,74.32407766990292,-0.4039002639741062,5.273581848947884,2.4590168511125663
2025-08-16 07:51:15.752101,70.60088235294117,74.32407766990292,-0.4039002639741062,5.273581848947884,2.4590168511125663
2025-08-16 07:51:17.553801,70.60088235294117,74.32407766990292,-0.4039002639741062,5.273581848947884,2.4590168511125663
2025-08-16 07:51:17.673662,70.60088235294117,74.32407766990292,-0.4039002639741062,5.273581848947884,2.4590168511125663
2025-08-16 07:51:17.914063,70.60088235294117,74.32407766990292,-0.4039002639741062,5.273581848947884,2.4590168511125663
2025-08-16 07:51:17.994714,70.60088235294117,74.32407766990292,-0.4039002639741062,5.273581848947884,2.4590168511125663
2025-08-16 07:51:18.080334,70.60088235294117,74.32407766990292,-0.4039002639741062,5.273581848947884,2.4590168511125663
2025-08-16 07:51:18.116275,70.60088235294117,74.32407766990292,-0.4039002639741062,5.273581848947884,2.4590168511125663
2025-08-16 07:51:20.879709,70.60088235294117,74.32407766990292,-0.4039002639741062,5.273581848947884,2.4590168511125663
2025-08-16 07:51:22.650274,70.60088235294117,74.32407766990292,-0.4039002639741062,5.273581848947884,2.4590168511125663
2025-08-16 07:51:22.744234,70.60088235294117,74.32407766990292,-0.4039002639741062,5.273581848947884,2.4590168511125663
2025-08-16 07:51:23.092694,70.60088235294117,74.32407766990292,-0.4039002639741062,5.273581848947884,2.4590168511125663
2025-08-16 07:51:23.197678,70.60088235294117,74.32407766990292,-0.4039002639741062,5.273581848947884,2.4590168511125663
2025-08-16 07:51:23.236094,70.60088235294117,74.32407766990292,-0.4039002639741062,5.273581848947884,2.4590168511125663
2025-08-16 07:51:23.257654,70.60088235294117,74.32407766990292,-0.4039002639741062,5.273581848947884,2.4590168511125663
2025-08-16 07:51:26.035769,70.60088235294117,74.32407766990292,-0.4039002639741062,5.273581848947884,2.4590168511125663
2025-08-16 07:51:26.057929,70.60088235294117,74.32407766990292,-0.4039002639741062,5.273581848947884,2.4590168511125663
2025-08-16 07:51:27.844222,70.60088235294117,74.32407766990292,-0.4039002639741062,5.273581848947884,2.4590168511125663
2025-08-16 07:51:27.859701,70.60088235294117,74.32407766990292,-0.4039002639741062,5.273581848947884,2.4590168511125663
2025-08-16 07:51:28.188572,70.60088235294117,74.32407766990292,-0.4039002639741062,5.273581848947884,2.4590168511125663
2025-08-16 07:51:28.462879,70.60088235294117,74.32407766990292,-0.4039002639741062,5.273581848947884,2.4590168511125663
2025-08-16 07:51:29.325536,70.60088235294117,74.32407766990292,-0.4039002639741062,5.273581848947884,2.4590168511125663
2025-08-16 07:51:31.124031,70.60088235294117,74.32407766990292,-0.4039002639741062,5.273581848947884,2.4590168511125663
2025-08-16 07:51:31.143851,70.60088235294117,74.32407766990292,-0.4039002639741062,5.273581848947884,2.4590168511125663
2025-08-16 07:51:32.913599,70.60088235294117,74.32407766990292,-0.4039002639741062,5.273581848947884,2.4590168511125663
2025-08-16 07:51:32.923049,70.60088235294117,74.32407766990292,-0.4039002639741062,5.273581848947884,2.4590168511125663
2025-08-16 07:51:33.388448,70.60088235294117,74.32407766990292,-0.4039002639741062,5.273581848947884,2.4590168511125663
2025-08-16 07:51:33.547960,70.60088235294117,74.32407766990292,-0.4039002639741062,5.273581848947884,2.4590168511125663
2025-08-16 07:51:34.482155,70.60088235294117,74.32407766990292,-0.4039002639741062,5.273581848947884,2.4590168511125663
2025-08-16 07:51:36.234925,70.60088235294117,74.32407766990292,-0.4039002639741062,5.273581848947884,2.4590168511125663
2025-08-16 07:51:36.269527,70.60088235294117,74.32407766990292,-0.4039002639741062,5.273581848947884,2.4590168511125663
2025-08-16 07:51:38.068612,70.60088235294117,74.32407766990292,-0.4039002639741062,5.273581848947884,2.4590168511125663
2025-08-16 07:51:38.464337,70.60088235294117,74.32407766990292,-0.4039002639741062,5.273581848947884,2.4590168511125663
2025-08-16 07:51:38.687198,70.60088235294117,74.32407766990292,-0.4039002639741062,5.273581848947884,2.4590168511125663
2025-08-16 07:51:38.703708,70.60088235294117,74.32407766990292,-0.4039002639741062,5.273581848947884,2.4590168511125663
2025-08-16 07:51:39.680749,70.60088235294117,74.32407766990292,-0.4039002639741062,5.273581848947884,2.4590168511125663
2025-08-16 07:51:41.298431,70.60088235294117,74.32407766990292,-0.4039002639741062,5.273581848947884,2.4590168511125663
2025-08-16 07:51:41.338325,70.60088235294117,74.32407766990292,-0.4039002639741062,5.273581848947884,2.4590168511125663
2025-08-16 07:51:43.137828,70.60088235294117,74.32407766990292,-0.4039002639741062,5.273581848947884,2.4590168511125663
2025-08-16 07:51:43.179309,70.60088235294117,74.32407766990292,-0.4039002639741062,5.273581848947884,2.4590168511125663
2025-08-16 07:51:43.531291,70.60088235294117,74.32407766990292,-0.4039002639741062,5.273581848947884,2.4590168511125663
2025-08-16 07:51:43.815411,70.60088235294117,74.32407766990292,-0.4039002639741062,5.273581848947884,2.4590168511125663
2025-08-16 07:51:43.844290,70.60088235294117,74.32407766990292,-0.4039002639741062,5.273581848947884,2.4590168511125663
2025-08-16 07:51:44.741560,70.60088235294117,74.32407766990292,-0.4039002639741062,5.273581848947884,2.4590168511125663
2025-08-16 07:51:46.365871,70.60088235294117,74.32407766990292,-0.4039002639741062,5.273581848947884,2.4590168511125663
2025-08-16 07:51:46.407255,70.60088235294117,74.32407766990292,-0.4039002639741062,5.273581848947884,2.4590168511125663
2025-08-16 07:51:48.273731,70.60088235294117,74.32407766990292,-0.4039002639741062,5.273581848947884,2.4590168511125663
2025-08-16 07:51:48.681431,70.60088235294117,74.32407766990292,-0.4039002639741062,5.273581848947884,2.4590168511125663
2025-08-16 07:51:48.892522,70.60088235294117,74.32407766990292,-0.4039002639741062,5.273581848947884,2.4590168511125663
2025-08-16 07:51:48.923249,70.60088235294117,74.32407766990292,-0.4039002639741062,5.273581848947884,2.4590168511125663
2025-08-16 07:51:49.898323,70.60088235294117,74.32407766990292,-0.4039002639741062,5.273581848947884,2.4590168511125663
2025-08-16 07:51:51.467245,70.60088235294117,74.32407766990292,-0.4039002639741062,5.273581848947884,2.4590168511125663
2025-08-16 07:51:51.519392,70.60088235294117,74.32407766990292,-0.4039002639741062,5.273581848947884,2.4590168511125663
2025-08-16 07:51:53.343396,70.60088235294117,74.32407766990292,-0.4039002639741062,5.273581848947884,2.4590168511125663
2025-08-16 07:51:53.387446,70.60088235294117,74.32407766990292,-0.4039002639741062,5.273581848947884,2.4590168511125663
2025-08-16 07:51:53.748169,70.60088235294117,74.32407766990292,-0.4039002639741062,5.273581848947884,2.4590168511125663
2025-08-16 07:51:54.048365,70.60088235294117,74.32407766990292,-0.4039002639741062,5.273581848947884,2.4590168511125663
2025-08-16 07:51:54.066378,70.60088235294117,74.32407766990292,-0.4039002639741062,5.273581848947884,2.4590168511125663
2025-08-16 07:51:55.092946,70.60088235294117,74.32407766990292,-0.4039002639741062,5.273581848947884,2.4590168511125663
2025-08-16 07:51:56.693335,70.60088235294117,74.32407766990292,-0.4039002639741062,5.273581848947884,2.4590168511125663
2025-08-16 07:51:58.543616,70.60088235294117,74.32407766990292,-0.4039002639741062,5.273581848947884,2.4590168511125663
2025-08-16 07:51:58.812025,70.60088235294117,74.32407766990292,-0.4039002639741062,5.273581848947884,2.4590168511125663
2025-08-16 07:51:59.254527,70.60088235294117,74.32407766990292,-0.4039002639741062,5.273581848947884,2.4590168511125663
2025-08-16 07:52:00.305884,70.60088235294117,74.32407766990292,-0.4039002639741062,5.273581848947884,2.4590168511125663
2025-08-16 07:52:01.830988,70.60088235294117,74.32407766990292,-0.4039002639741062,5.273581848947884,2.4590168511125663
2025-08-16 07:52:01.875075,70.60088235294117,74.32407766990292,-0.4039002639741062,5.273581848947884,2.4590168511125663
2025-08-16 07:52:03.741355,70.60088235294117,74.32407766990292,-0.4039002639741062,5.273581848947884,2.4590168511125663
2025-08-16 07:52:03.783451,70.60088235294117,74.32407766990292,-0.4039002639741062,5.273581848947884,2.4590168511125663
2025-08-16 07:52:03.964362,70.60088235294117,74.32407766990292,-0.4039002639741062,5.273581848947884,2.4590168511125663
2025-08-16 07:52:04.382346,70.60088235294117,74.32407766990292,-0.4039002639741062,5.273581848947884,2.4590168511125663
2025-08-16 07:52:05.388934,70.60088235294117,74.32407766990292,-0.4039002639741062,5.273581848947884,2.4590168511125663
2025-08-16 07:52:06.897962,70.60088235294117,74.32407766990292,-0.4039002639741062,5.273581848947884,2.4590168511125663
2025-08-16 07:52:06.979157,70.60088235294117,74.32407766990292,-0.4039002639741062,5.273581848947884,2.4590168511125663
2025-08-16 07:52:08.869381,70.60088235294117,74.32407766990292,-0.4039002639741062,5.273581848947884,2.4590168511125663
2025-08-16 07:52:08.882286,70.60088235294117,74.32407766990292,-0.4039002639741062,5.273581848947884,2.4590168511125663
2025-08-16 07:52:09.084306,70.60088235294117,74.32407766990292,-0.4039002639741062,5.273581848947884,2.4590168511125663
2025-08-16 07:52:09.513303,70.60088235294117,74.32407766990292,-0.4039002639741062,5.273581848947884,2.4590168511125663
2025-08-16 07:52:09.525086,70.60088235294117,74.32407766990292,-0.4039002639741062,5.273581848947884,2.4590168511125663
2025-08-16 07:52:10.496946,70.60088235294117,74.32407766990292,-0.4039002639741062,5.273581848947884,2.4590168511125663
2025-08-16 07:52:12.076802,70.60088235294117,74.32407766990292,-0.4039002639741062,5.273581848947884,2.4590168511125663
2025-08-16 07:52:12.118909,70.60088235294117,74.32407766990292,-0.4039002639741062,5.273581848947884,2.4590168511125663
2025-08-16 07:52:13.934855,70.60088235294117,74.32407766990292,-0.4039002639741062,5.273581848947884,2.4590168511125663
2025-08-16 07:52:14.105948,70.60088235294117,74.32407766990292,-0.4039002639741062,5.273581848947884,2.4590168511125663
2025-08-16 07:52:14.189858,70.60088235294117,74.32407766990292,-0.4039002639741062,5.273581848947884,2.4590168511125663
2025-08-16 07:52:14.633087,70.60088235294117,74.32407766990292,-0.4039002639741062,5.273581848947884,2.4590168511125663
2025-08-16 07:52:14.664871,70.60088235294117,74.32407766990292,-0.4039002639741062,5.273581848947884,2.4590168511125663
2025-08-16 07:52:15.622718,70.60088235294117,74.32407766990292,-0.4039002639741062,5.273581848947884,2.4590168511125663
2025-08-16 07:52:17.144786,70.60088235294117,74.32407766990292,-0.4039002639741062,5.273581848947884,2.4590168511125663
2025-08-16 07:52:17.336817,70.60088235294117,74.32407766990292,-0.4039002639741062,5.273581848947884,2.4590168511125663
2025-08-16 07:52:19.103230,70.60088235294117,74.32407766990292,-0.4039002639741062,5.273581848947884,2.4590168511125663
2025-08-16 07:52:19.175704,70.60088235294117,74.32407766990292,-0.4039002639741062,5.273581848947884,2.4590168511125663
2025-08-16 07:52:19.300891,70.60088235294117,74.32407766990292,-0.4039002639741062,5.273581848947884,2.4590168511125663
2025-08-16 07:52:19.725210,70.60088235294117,74.32407766990292,-0.4039002639741062,5.273581848947884,2.4590168511125663
2025-08-16 07:52:19.744924,70.60088235294117,74.32407766990292,-0.4039002639741062,5.273581848947884,2.4590168511125663
2025-08-16 07:52:20.703058,70.60088235294117,74.32407766990292,-0.4039002639741062,5.273581848947884,2.4590168511125663
2025-08-16 07:52:22.328702,70.60088235294117,74.32407766990292,-0.4039002639741062,5.273581848947884,2.4590168511125663
2025-08-16 07:52:22.400867,70.60088235294117,74.32407766990292,-0.4039002639741062,5.273581848947884,2.4590168511125663
2025-08-16 07:52:24.274685,70.60088235294117,74.32407766990292,-0.4039002639741062,5.273581848947884,2.4590168511125663
2025-08-16 07:52:24.296690,70.60088235294117,74.32407766990292,-0.4039002639741062,5.273581848947884,2.4590168511125663
2025-08-16 07:52:24.408245,70.60088235294117,74.32407766990292,-0.4039002639741062,5.273581848947884,2.4590168511125663
2025-08-16 07:52:24.839421,70.60088235294117,74.32407766990292,-0.4039002639741062,5.273581848947884,2.4590168511125663
2025-08-16 07:52:25.836508,70.60088235294117,74.32407766990292,-0.4039002639741062,5.273581848947884,2.4590168511125663
2025-08-16 07:52:27.420873,70.60088235294117,74.32407766990292,-0.4039002639741062,5.273581848947884,2.4590168511125663
2025-08-16 07:52:27.467842,70.60088235294117,74.32407766990292,-0.4039002639741062,5.273581848947884,2.4590168511125663
2025-08-16 07:52:29.376256,70.60088235294117,74.32407766990292,-0.4039002639741062,5.273581848947884,2.4590168511125663
2025-08-16 07:52:29.396709,70.60088235294117,74.32407766990292,-0.4039002639741062,5.273581848947884,2.4590168511125663
2025-08-16 07:52:29.472783,70.60088235294117,74.32407766990292,-0.4039002639741062,5.273581848947884,2.4590168511125663
2025-08-16 07:52:29.996919,70.60088235294117,74.32407766990292,-0.4039002639741062,5.273581848947884,2.4590168511125663
2025-08-16 07:52:30.978859,70.60088235294117,74.32407766990292,-0.4039002639741062,5.273581848947884,2.4590168511125663
2025-08-16 07:52:32.562888,70.60088235294117,74.32407766990292,-0.4039002639741062,5.273581848947884,2.4590168511125663
2025-08-16 07:52:34.474475,70.60088235294117,74.32407766990292,-0.4039002639741062,5.273581848947884,2.4590168511125663
2025-08-16 07:52:34.596387,70.60088235294117,74.32407766990292,-0.4039002639741062,5.273581848947884,2.4590168511125663
2025-08-16 07:52:35.150518,70.60088235294117,74.32407766990292,-0.4039002639741062,5.273581848947884,2.4590168511125663
2025-08-16 07:52:35.170623,70.60088235294117,74.32407766990292,-0.4039002639741062,5.273581848947884,2.4590168511125663
2025-08-16 07:52:36.210614,70.60088235294117,74.32407766990292,-0.4039002639741062,5.273581848947884,2.4590168511125663
2025-08-16 07:52:37.674757,70.60088235294117,74.32407766990292,-0.4039002639741062,5.273581848947884,2.4590168511125663
2025-08-16 07:52:37.862571,70.60088235294117,74.32407766990292,-0.4039002639741062,5.273581848947884,2.4590168511125663
2025-08-16 07:52:39.595713,70.60088235294117,74.32407766990292,-0.4039002639741062,5.273581848947884,2.4590168511125663
2025-08-16 07:52:39.704508,70.60088235294117,74.32407766990292,-0.4039002639741062,5.273581848947884,2.4590168511125663
2025-08-16 07:52:40.265208,70.60088235294117,74.32407766990292,-0.4039002639741062,5.273581848947884,2.4590168511125663
2025-08-16 07:52:40.276983,70.60088235294117,74.32407766990292,-0.4039002639741062,5.273581848947884,2.4590168511125663
2025-08-16 07:52:41.440370,70.60088235294117,74.32407766990292,-0.4039002639741062,5.273581848947884,2.4590168511125663
2025-08-16 07:52:42.794271,70.60088235294117,74.32407766990292,-0.4039002639741062,5.273581848947884,2.4590168511125663
2025-08-16 07:52:42.926648,70.60088235294117,74.32407766990292,-0.4039002639741062,5.273581848947884,2.4590168511125663
2025-08-16 07:52:44.665507,70.60088235294117,74.32407766990292,-0.4039002639741062,5.273581848947884,2.4590168511125663
2025-08-16 07:52:44.722353,70.60088235294117,74.32407766990292,-0.4039002639741062,5.273581848947884,2.4590168511125663
2025-08-16 07:52:44.792166,70.60088235294117,74.32407766990292,-0.4039002639741062,5.273581848947884,2.4590168511125663
2025-08-16 07:52:45.508736,70.60088235294117,74.32407766990292,-0.4039002639741062,5.273581848947884,2.4590168511125663
2025-08-16 07:52:45.550407,70.60088235294117,74.32407766990292,-0.4039002639741062,5.273581848947884,2.4590168511125663
2025-08-16 07:52:46.622265,70.60088235294117,74.32407766990292,-0.4039002639741062,5.273581848947884,2.4590168511125663
2025-08-16 07:52:47.888193,70.60088235294117,74.32407766990292,-0.4039002639741062,5.273581848947884,2.4590168511125663
2025-08-16 07:52:48.156259,70.60088235294117,74.32407766990292,-0.4039002639741062,5.273581848947884,2.4590168511125663
2025-08-16 07:52:49.774470,70.60088235294117,74.32407766990292,-0.4039002639741062,5.273581848947884,2.4590168511125663
2025-08-16 07:52:49.786510,70.60088235294117,74.32407766990292,-0.4039002639741062,5.273581848947884,2.4590168511125663
2025-08-16 07:52:49.906370,70.60088235294117,74.32407766990292,-0.4039002639741062,5.273581848947884,2.4590168511125663
2025-08-16 07:52:50.624364,70.60088235294117,74.32407766990292,-0.4039002639741062,5.273581848947884,2.4590168511125663
2025-08-16 07:52:50.664465,70.60088235294117,74.32407766990292,-0.4039002639741062,5.273581848947884,2.4590168511125663
2025-08-16 07:52:51.743295,70.60088235294117,74.32407766990292,-0.4039002639741062,5.273581848947884,2.4590168511125663
2025-08-16 07:52:53.022413,70.60088235294117,74.32407766990292,-0.4039002639741062,5.273581848947884,2.4590168511125663
2025-08-16 07:52:53.235312,70.60088235294117,74.32407766990292,-0.4039002639741062,5.273581848947884,2.4590168511125663
2025-08-16 07:52:54.963672,70.60088235294117,74.32407766990292,-0.4039002639741062,5.273581848947884,2.4590168511125663
2025-08-16 07:52:55.038502,70.60088235294117,74.32407766990292,-0.4039002639741062,5.273581848947884,2.4590168511125663
2025-08-16 07:52:55.780335,70.60088235294117,74.32407766990292,-0.4039002639741062,5.273581848947884,2.4590168511125663
2025-08-16 07:52:55.792459,70.60088235294117,74.32407766990292,-0.4039002639741062,5.273581848947884,2.4590168511125663
2025-08-16 07:52:56.904212,70.60088235294117,74.32407766990292,-0.4039002639741062,5.273581848947884,2.4590168511125663
2025-08-16 07:52:58.142914,70.60088235294117,74.32407766990292,-0.4039002639741062,5.273581848947884,2.4590168511125663
2025-08-16 07:52:58.350453,70.60088235294117,74.32407766990292,-0.4039002639741062,5.273581848947884,2.4590168511125663
2025-08-16 07:53:00.094865,70.60088235294117,74.32407766990292,-0.4039002639741062,5.273581848947884,2.4590168511125663
2025-08-16 07:53:00.274543,70.60088235294117,74.32407766990292,-0.4039002639741062,5.273581848947884,2.4590168511125663
2025-08-16 07:53:01.027747,70.60088235294117,74.32407766990292,-0.4039002639741062,5.273581848947884,2.4590168511125663
2025-08-16 07:53:02.124314,70.60088235294117,74.32407766990292,-0.4039002639741062,5.273581848947884,2.4590168511125663
2025-08-16 07:53:03.271091,70.60088235294117,74.32407766990292,-0.4039002639741062,5.273581848947884,2.4590168511125663
2025-08-16 07:53:03.414512,70.60088235294117,74.32407766990292,-0.4039002639741062,5.273581848947884,2.4590168511125663
2025-08-16 07:53:05.168222,70.60088235294117,74.32407766990292,-0.4039002639741062,5.273581848947884,2.4590168511125663
2025-08-16 07:53:05.180662,70.60088235294117,74.32407766990292,-0.4039002639741062,5.273581848947884,2.4590168511125663
2025-08-16 07:53:05.472419,70.60088235294117,74.32407766990292,-0.4039002639741062,5.273581848947884,2.4590168511125663
2025-08-16 07:53:06.144157,70.60088235294117,74.32407766990292,-0.4039002639741062,5.273581848947884,2.4590168511125663
2025-08-16 07:53:06.190069,70.60088235294117,74.32407766990292,-0.4039002639741062,5.273581848947884,2.4590168511125663
2025-08-16 07:53:07.346442,70.60088235294117,74.32407766990292,-0.4039002639741062,5.273581848947884,2.4590168511125663
2025-08-16 07:53:08.382000,70.60088235294117,74.32407766990292,-0.4039002639741062,5.273581848947884,2.4590168511125663
2025-08-16 07:53:08.479847,70.60088235294117,74.32407766990292,-0.4039002639741062,5.273581848947884,2.4590168511125663
2025-08-16 07:53:10.305166,70.60088235294117,74.32407766990292,-0.4039002639741062,5.273581848947884,2.4590168511125663
2025-08-16 07:53:10.349737,70.60088235294117,74.32407766990292,-0.4039002639741062,5.273581848947884,2.4590168511125663
2025-08-16 07:53:10.593961,70.60088235294117,74.32407766990292,-0.4039002639741062,5.273581848947884,2.4590168511125663
2025-08-16 07:53:11.320661,70.60088235294117,74.32407766990292,-0.4039002639741062,5.273581848947884,2.4590168511125663
2025-08-16 07:53:12.544072,70.60088235294117,74.32407766990292,-0.4039002639741062,5.273581848947884,2.4590168511125663
2025-08-16 07:53:13.541039,70.60088235294117,74.32407766990292,-0.4039002639741062,5.273581848947884,2.4590168511125663
2025-08-16 07:53:13.553269,70.60088235294117,74.32407766990292,-0.4039002639741062,5.273581848947884,2.4590168511125663
2025-08-16 07:53:15.434495,70.60088235294117,74.32407766990292,-0.4039002639741062,5.273581848947884,2.4590168511125663
2025-08-16 07:53:15.742015,70.60088235294117,74.32407766990292,-0.4039002639741062,5.273581848947884,2.4590168511125663
2025-08-16 07:53:16.406601,70.60088235294117,74.32407766990292,-0.4039002639741062,5.273581848947884,2.4590168511125663
2025-08-16 07:53:17.616048,70.60088235294117,74.32407766990292,-0.4039002639741062,5.273581848947884,2.4590168511125663
2025-08-16 07:53:18.637134,70.60088235294117,74.32407766990292,-0.4039002639741062,5.273581848947884,2.4590168511125663
2025-08-16 07:53:20.544311,70.60088235294117,74.32407766990292,-0.4039002639741062,5.273581848947884,2.4590168511125663
2025-08-16 07:53:20.602532,70.60088235294117,74.32407766990292,-0.4039002639741062,5.273581848947884,2.4590168511125663
2025-08-16 07:53:20.951743,70.60088235294117,74.32407766990292,-0.4039002639741062,5.273581848947884,2.4590168511125663
2025-08-16 07:53:21.646226,70.60088235294117,74.32407766990292,-0.4039002639741062,5.273581848947884,2.4590168511125663
2025-08-16 07:53:21.660673,70.60088235294117,74.32407766990292,-0.4039002639741062,5.273581848947884,2.4590168511125663
2025-08-16 07:53:22.752318,70.60088235294117,74.32407766990292,-0.4039002639741062,5.273581848947884,2.4590168511125663
2025-08-16 07:53:23.746950,70.60088235294117,74.32407766990292,-0.4039002639741062,5.273581848947884,2.4590168511125663
2025-08-16 07:53:23.759206,70.60088235294117,74.32407766990292,-0.4039002639741062,5.273581848947884,2.4590168511125663
2025-08-16 07:53:25.672505,70.60088235294117,74.32407766990292,-0.4039002639741062,5.273581848947884,2.4590168511125663
2025-08-16 07:53:25.702134,70.60088235294117,74.32407766990292,-0.4039002639741062,5.273581848947884,2.4590168511125663
2025-08-16 07:53:26.143946,70.60088235294117,74.32407766990292,-0.4039002639741062,5.273581848947884,2.4590168511125663
2025-08-16 07:53:26.882613,70.60088235294117,74.32407766990292,-0.4039002639741062,5.273581848947884,2.4590168511125663
2025-08-16 07:53:26.900066,70.60088235294117,74.32407766990292,-0.4039002639741062,5.273581848947884,2.4590168511125663
2025-08-16 07:53:27.909740,70.60088235294117,74.32407766990292,-0.4039002639741062,5.273581848947884,2.4590168511125663
2025-08-16 07:53:28.877231,70.60088235294117,74.32407766990292,-0.4039002639741062,5.273581848947884,2.4590168511125663
2025-08-16 07:53:30.792401,70.60088235294117,74.32407766990292,-0.4039002639741062,5.273581848947884,2.4590168511125663
2025-08-16 07:53:31.377753,70.60088235294117,74.32407766990292,-0.4039002639741062,5.273581848947884,2.4590168511125663
2025-08-16 07:53:32.078963,70.60088235294117,74.32407766990292,-0.4039002639741062,5.273581848947884,2.4590168511125663
2025-08-16 07:53:33.119469,70.60088235294117,74.32407766990292,-0.4039002639741062,5.273581848947884,2.4590168511125663
2025-08-16 07:53:34.007864,70.60088235294117,74.32407766990292,-0.4039002639741062,5.273581848947884,2.4590168511125663
2025-08-16 07:53:34.045535,70.60088235294117,74.32407766990292,-0.4039002639741062,5.273581848947884,2.4590168511125663
2025-08-16 07:53:35.909281,70.60088235294117,74.32407766990292,-0.4039002639741062,5.273581848947884,2.4590168511125663
2025-08-16 07:53:35.921909,70.60088235294117,74.32407766990292,-0.4039002639741062,5.273581848947884,2.4590168511125663
2025-08-16 07:53:36.549820,70.60088235294117,74.32407766990292,-0.4039002639741062,5.273581848947884,2.4590168511125663
2025-08-16 07:53:37.229714,70.60088235294117,74.32407766990292,-0.4039002639741062,5.273581848947884,2.4590168511125663
2025-08-16 07:53:38.329360,70.60088235294117,74.32407766990292,-0.4039002639741062,5.273581848947884,2.4590168511125663
2025-08-16 07:53:39.119073,70.60088235294117,74.32407766990292,-0.4039002639741062,5.273581848947884,2.4590168511125663
2025-08-16 07:53:39.216787,70.60088235294117,74.32407766990292,-0.4039002639741062,5.273581848947884,2.4590168511125663
2025-08-16 07:53:40.987219,70.60088235294117,74.32407766990292,-0.4039002639741062,5.273581848947884,2.4590168511125663
2025-08-16 07:53:41.003928,70.60088235294117,74.32407766990292,-0.4039002639741062,5.273581848947884,2.4590168511125663
2025-08-16 07:53:41.660422,70.60088235294117,74.32407766990292,-0.4039002639741062,5.273581848947884,2.4590168511125663
2025-08-16 07:53:42.356676,70.60088235294117,74.32407766990292,-0.4039002639741062,5.273581848947884,2.4590168511125663
2025-08-16 07:53:42.369418,70.60088235294117,74.32407766990292,-0.4039002639741062,5.273581848947884,2.4590168511125663
2025-08-16 07:53:43.524780,70.60088235294117,74.32407766990292,-0.4039002639741062,5.273581848947884,2.4590168511125663
2025-08-16 07:53:44.270646,70.60088235294117,74.32407766990292,-0.4039002639741062,5.273581848947884,2.4590168511125663
2025-08-16 07:53:44.300545,70.60088235294117,74.32407766990292,-0.4039002639741062,5.273581848947884,2.4590168511125663
2025-08-16 07:53:46.155979,70.60088235294117,74.32407766990292,-0.4039002639741062,5.273581848947884,2.4590168511125663
2025-08-16 07:53:46.831466,70.60088235294117,74.32407766990292,-0.4039002639741062,5.273581848947884,2.4590168511125663
2025-08-16 07:53:47.478721,70.60088235294117,74.32407766990292,-0.4039002639741062,5.273581848947884,2.4590168511125663
2025-08-16 07:53:47.523875,70.60088235294117,74.32407766990292,-0.4039002639741062,5.273581848947884,2.4590168511125663
2025-08-16 07:53:48.743136,70.60088235294117,74.32407766990292,-0.4039002639741062,5.273581848947884,2.4590168511125663
2025-08-16 07:53:49.344588,70.60088235294117,74.32407766990292,-0.4039002639741062,5.273581848947884,2.4590168511125663
2025-08-16 07:53:49.475301,70.60088235294117,74.32407766990292,-0.4039002639741062,5.273581848947884,2.4590168511125663
2025-08-16 07:53:51.249445,70.60088235294117,74.32407766990292,-0.4039002639741062,5.273581848947884,2.4590168511125663
2025-08-16 07:53:51.287498,70.60088235294117,74.32407766990292,-0.4039002639741062,5.273581848947884,2.4590168511125663
2025-08-16 07:53:51.945338,70.60088235294117,74.32407766990292,-0.4039002639741062,5.273581848947884,2.4590168511125663
2025-08-16 07:53:52.593552,70.60088235294117,74.32407766990292,-0.4039002639741062,5.273581848947884,2.4590168511125663
2025-08-16 07:53:52.606253,70.60088235294117,74.32407766990292,-0.4039002639741062,5.273581848947884,2.4590168511125663
2025-08-16 07:53:53.883610,70.60088235294117,74.32407766990292,-0.4039002639741062,5.273581848947884,2.4590168511125663
2025-08-16 07:53:54.545052,70.60088235294117,74.32407766990292,-0.4039002639741062,5.273581848947884,2.4590168511125663
2025-08-16 07:53:54.571413,70.60088235294117,74.32407766990292,-0.4039002639741062,5.273581848947884,2.4590168511125663
2025-08-16 07:53:56.398409,70.60088235294117,74.32407766990292,-0.4039002639741062,5.273581848947884,2.4590168511125663
2025-08-16 07:53:57.069790,70.60088235294117,74.32407766990292,-0.4039002639741062,5.273581848947884,2.4590168511125663
2025-08-16 07:53:57.672682,70.60088235294117,74.32407766990292,-0.4039002639741062,5.273581848947884,2.4590168511125663
2025-08-16 07:53:57.733700,70.60088235294117,74.32407766990292,-0.4039002639741062,5.273581848947884,2.4590168511125663
2025-08-16 07:53:59.017504,70.60088235294117,74.32407766990292,-0.4039002639741062,5.273581848947884,2.4590168511125663
2025-08-16 07:53:59.630500,70.60088235294117,74.32407766990292,-0.4039002639741062,5.273581848947884,2.4590168511125663
2025-08-16 07:53:59.645517,70.60088235294117,74.32407766990292,-0.4039002639741062,5.273581848947884,2.4590168511125663
2025-08-16 07:54:01.499887,70.60088235294117,74.32407766990292,-0.4039002639741062,5.273581848947884,2.4590168511125663
2025-08-16 07:54:01.583390,70.60088235294117,74.32407766990292,-0.4039002639741062,5.273581848947884,2.4590168511125663
2025-08-16 07:54:02.191522,70.60088235294117,74.32407766990292,-0.4039002639741062,5.273581848947884,2.4590168511125663
2025-08-16 07:54:02.815316,70.60088235294117,74.32407766990292,-0.4039002639741062,5.273581848947884,2.4590168511125663
2025-08-16 07:54:02.828260,70.60088235294117,74.32407766990292,-0.4039002639741062,5.273581848947884,2.4590168511125663
2025-08-16 07:54:04.127509,70.60088235294117,74.32407766990292,-0.4039002639741062,5.273581848947884,2.4590168511125663
2025-08-16 07:54:04.761712,70.60088235294117,74.32407766990292,-0.4039002639741062,5.273581848947884,2.4590168511125663
2025-08-16 07:54:06.625147,70.60088235294117,74.32407766990292,-0.4039002639741062,5.273581848947884,2.4590168511125663
2025-08-16 07:54:06.667273,70.60088235294117,74.32407766990292,-0.4039002639741062,5.273581848947884,2.4590168511125663
2025-08-16 07:54:07.320918,70.60088235294117,74.32407766990292,-0.4039002639741062,5.273581848947884,2.4590168511125663
2025-08-16 07:54:07.916260,70.60088235294117,74.32407766990292,-0.4039002639741062,5.273581848947884,2.4590168511125663
2025-08-16 07:54:07.943287,70.60088235294117,74.32407766990292,-0.4039002639741062,5.273581848947884,2.4590168511125663
2025-08-16 07:54:09.371123,70.60088235294117,74.32407766990292,-0.4039002639741062,5.273581848947884,2.4590168511125663
2025-08-16 07:54:09.843296,70.60088235294117,74.32407766990292,-0.4039002639741062,5.273581848947884,2.4590168511125663
2025-08-16 07:54:09.881031,70.60088235294117,74.32407766990292,-0.4039002639741062,5.273581848947884,2.4590168511125663
2025-08-16 07:54:11.753501,70.60088235294117,74.32407766990292,-0.4039002639741062,5.273581848947884,2.4590168511125663
2025-08-16 07:54:12.529003,70.60088235294117,74.32407766990292,-0.4039002639741062,5.273581848947884,2.4590168511125663
2025-08-16 07:54:13.048987,70.60088235294117,74.32407766990292,-0.4039002639741062,5.273581848947884,2.4590168511125663
2025-08-16 07:54:13.096252,70.60088235294117,74.32407766990292,-0.4039002639741062,5.273581848947884,2.4590168511125663
2025-08-16 07:54:14.589002,70.60088235294117,74.32407766990292,-0.4039002639741062,5.273581848947884,2.4590168511125663
2025-08-16 07:54:15.086034,70.60088235294117,74.32407766990292,-0.4039002639741062,5.273581848947884,2.4590168511125663
2025-08-16 07:54:16.841532,70.60088235294117,74.32407766990292,-0.4039002639741062,5.273581848947884,2.4590168511125663
2025-08-16 07:54:16.861949,70.60088235294117,74.32407766990292,-0.4039002639741062,5.273581848947884,2.4590168511125663
2025-08-16 07:54:17.593557,70.60088235294117,74.32407766990292,-0.4039002639741062,5.273581848947884,2.4590168511125663
2025-08-16 07:54:18.181540,70.60088235294117,74.32407766990292,-0.4039002639741062,5.273581848947884,2.4590168511125663
2025-08-16 07:54:19.658976,70.60088235294117,74.32407766990292,-0.4039002639741062,5.273581848947884,2.4590168511125663
2025-08-16 07:54:20.321032,70.60088235294117,74.32407766990292,-0.4039002639741062,5.273581848947884,2.4590168511125663
2025-08-16 07:54:21.914763,70.60088235294117,74.32407766990292,-0.4039002639741062,5.273581848947884,2.4590168511125663
2025-08-16 07:54:21.939058,70.60088235294117,74.32407766990292,-0.4039002639741062,5.273581848947884,2.4590168511125663
2025-08-16 07:54:22.711073,70.60088235294117,74.32407766990292,-0.4039002639741062,5.273581848947884,2.4590168511125663
2025-08-16 07:54:23.421931,70.60088235294117,74.32407766990292,-0.4039002639741062,5.273581848947884,2.4590168511125663
2025-08-16 07:54:24.781983,70.60088235294117,74.32407766990292,-0.4039002639741062,5.273581848947884,2.4590168511125663
2025-08-16 07:54:25.551365,70.60088235294117,74.32407766990292,-0.4039002639741062,5.273581848947884,2.4590168511125663
2025-08-16 07:54:27.110033,70.60088235294117,74.32407766990292,-0.4039002639741062,5.273581848947884,2.4590168511125663
2025-08-16 07:54:27.833028,70.60088235294117,74.32407766990292,-0.4039002639741062,5.273581848947884,2.4590168511125663
2025-08-16 07:54:28.671711,70.60088235294117,74.32407766990292,-0.4039002639741062,5.273581848947884,2.4590168511125663
2025-08-16 07:54:29.886717,70.60088235294117,74.32407766990292,-0.4039002639741062,5.273581848947884,2.4590168511125663
2025-08-16 07:54:30.752660,70.60088235294117,74.32407766990292,-0.4039002639741062,5.273581848947884,2.4590168511125663
2025-08-16 07:54:32.223158,70.60088235294117,74.32407766990292,-0.4039002639741062,5.273581848947884,2.4590168511125663
2025-08-16 07:54:32.280686,70.60088235294117,74.32407766990292,-0.4039002639741062,5.273581848947884,2.4590168511125663
2025-08-16 07:54:32.908569,70.60088235294117,74.32407766990292,-0.4039002639741062,5.273581848947884,2.4590168511125663
2025-08-16 07:54:33.824295,70.60088235294117,74.32407766990292,-0.4039002639741062,5.273581848947884,2.4590168511125663
2025-08-16 07:54:33.837241,70.60088235294117,74.32407766990292,-0.4039002639741062,5.273581848947884,2.4590168511125663
2025-08-16 07:54:35.128832,70.60088235294117,74.32407766990292,-0.4039002639741062,5.273581848947884,2.4590168511125663
2025-08-16 07:54:36.054757,70.60088235294117,74.32407766990292,-0.4039002639741062,5.273581848947884,2.4590168511125663
2025-08-16 07:54:37.345605,70.60088235294117,74.32407766990292,-0.4039002639741062,5.273581848947884,2.4590168511125663
2025-08-16 07:54:37.398760,70.60088235294117,74.32407766990292,-0.4039002639741062,5.273581848947884,2.4590168511125663
2025-08-16 07:54:38.070630,70.60088235294117,74.32407766990292,-0.4039002639741062,5.273581848947884,2.4590168511125663
2025-08-16 07:54:39.001279,70.60088235294117,74.32407766990292,-0.4039002639741062,5.273581848947884,2.4590168511125663
2025-08-16 07:54:40.230593,70.60088235294117,74.32407766990292,-0.4039002639741062,5.273581848947884,2.4590168511125663
2025-08-16 07:54:41.178437,70.60088235294117,74.32407766990292,-0.4039002639741062,5.273581848947884,2.4590168511125663
2025-08-16 07:54:42.443767,70.60088235294117,74.32407766990292,-0.4039002639741062,5.273581848947884,2.4590168511125663
2025-08-16 07:54:42.484817,70.60088235294117,74.32407766990292,-0.4039002639741062,5.273581848947884,2.4590168511125663
2025-08-16 07:54:43.256393,70.60088235294117,74.32407766990292,-0.4039002639741062,5.273581848947884,2.4590168511125663
2025-08-16 07:54:44.095117,70.60088235294117,74.32407766990292,-0.4039002639741062,5.273581848947884,2.4590168511125663
2025-08-16 07:54:44.132690,70.60088235294117,74.32407766990292,-0.4039002639741062,5.273581848947884,2.4590168511125663
2025-08-16 07:54:45.380638,70.60088235294117,74.32407766990292,-0.4039002639741062,5.273581848947884,2.4590168511125663
2025-08-16 07:54:46.350701,70.60088235294117,74.32407766990292,-0.4039002639741062,5.273581848947884,2.4590168511125663
2025-08-16 07:54:47.542549,70.60088235294117,74.32407766990292,-0.4039002639741062,5.273581848947884,2.4590168511125663
2025-08-16 07:54:47.596637,70.60088235294117,74.32407766990292,-0.4039002639741062,5.273581848947884,2.4590168511125663
2025-08-16 07:54:48.518826,70.60088235294117,74.32407766990292,-0.4039002639741062,5.273581848947884,2.4590168511125663
2025-08-16 07:54:49.354734,70.60088235294117,74.32407766990292,-0.4039002639741062,5.273581848947884,2.4590168511125663
2025-08-16 07:54:49.368094,70.60088235294117,74.32407766990292,-0.4039002639741062,5.273581848947884,2.4590168511125663
2025-08-16 07:54:50.486512,70.60088235294117,74.32407766990292,-0.4039002639741062,5.273581848947884,2.4590168511125663
2025-08-16 07:54:51.464661,70.60088235294117,74.32407766990292,-0.4039002639741062,5.273581848947884,2.4590168511125663
2025-08-16 07:54:52.611438,70.60088235294117,74.32407766990292,-0.4039002639741062,5.273581848947884,2.4590168511125663
2025-08-16 07:54:52.710702,70.60088235294117,74.32407766990292,-0.4039002639741062,5.273581848947884,2.4590168511125663
2025-08-16 07:54:53.658419,70.60088235294117,74.32407766990292,-0.4039002639741062,5.273581848947884,2.4590168511125663
2025-08-16 07:54:54.425443,70.60088235294117,74.32407766990292,-0.4039002639741062,5.273581848947884,2.4590168511125663
2025-08-16 07:54:54.479053,70.60088235294117,74.32407766990292,-0.4039002639741062,5.273581848947884,2.4590168511125663
2025-08-16 07:54:55.724855,70.60088235294117,74.32407766990292,-0.4039002639741062,5.273581848947884,2.4590168511125663
2025-08-16 07:54:56.555934,70.60088235294117,74.32407766990292,-0.4039002639741062,5.273581848947884,2.4590168511125663
2025-08-16 07:54:57.825236,70.60088235294117,74.32407766990292,-0.4039002639741062,5.273581848947884,2.4590168511125663
2025-08-16 07:54:57.906394,70.60088235294117,74.32407766990292,-0.4039002639741062,5.273581848947884,2.4590168511125663
2025-08-16 07:54:58.816459,70.60088235294117,74.32407766990292,-0.4039002639741062,5.273581848947884,2.4590168511125663
2025-08-16 07:54:59.654422,70.60088235294117,74.32407766990292,-0.4039002639741062,5.273581848947884,2.4590168511125663
2025-08-16 07:54:59.698361,70.60088235294117,74.32407766990292,-0.4039002639741062,5.273581848947884,2.4590168511125663
2025-08-16 07:55:00.948303,70.60088235294117,74.32407766990292,-0.4039002639741062,5.273581848947884,2.4590168511125663
2025-08-16 07:55:01.660473,70.60088235294117,74.32407766990292,-0.4039002639741062,5.273581848947884,2.4590168511125663
2025-08-16 07:55:03.020344,70.60088235294117,74.32407766990292,-0.4039002639741062,5.273581848947884,2.4590168511125663
2025-08-16 07:55:03.033217,70.60088235294117,74.32407766990292,-0.4039002639741062,5.273581848947884,2.4590168511125663
2025-08-16 07:55:03.928766,70.60088235294117,74.32407766990292,-0.4039002639741062,5.273581848947884,2.4590168511125663
2025-08-16 07:55:04.778836,70.60088235294117,74.32407766990292,-0.4039002639741062,5.273581848947884,2.4590168511125663
2025-08-16 07:55:06.788501,70.60088235294117,74.32407766990292,-0.4039002639741062,5.273581848947884,2.4590168511125663
2025-08-16 07:55:06.898590,70.60088235294117,74.32407766990292,-0.4039002639741062,5.273581848947884,2.4590168511125663
2025-08-16 07:55:08.234229,70.60088235294117,74.32407766990292,-0.4039002639741062,5.273581848947884,2.4590168511125663
2025-08-16 07:55:08.274481,70.60088235294117,74.32407766990292,-0.4039002639741062,5.273581848947884,2.4590168511125663
2025-08-16 07:55:09.054362,70.60088235294117,74.32407766990292,-0.4039002639741062,5.273581848947884,2.4590168511125663
2025-08-16 07:55:09.978344,70.60088235294117,74.32407766990292,-0.4039002639741062,5.273581848947884,2.4590168511125663
2025-08-16 07:55:10.014676,70.60088235294117,74.32407766990292,-0.4039002639741062,5.273581848947884,2.4590168511125663
2025-08-16 07:55:11.906950,70.60088235294117,74.32407766990292,-0.4039002639741062,5.273581848947884,2.4590168511125663
2025-08-16 07:55:12.020475,70.60088235294117,74.32407766990292,-0.4039002639741062,5.273581848947884,2.4590168511125663
2025-08-16 07:55:13.462424,70.60088235294117,74.32407766990292,-0.4039002639741062,5.273581848947884,2.4590168511125663
2025-08-16 07:55:13.518723,70.60088235294117,74.32407766990292,-0.4039002639741062,5.273581848947884,2.4590168511125663
2025-08-16 07:55:14.164537,70.60088235294117,74.32407766990292,-0.4039002639741062,5.273581848947884,2.4590168511125663
2025-08-16 07:55:15.107205,70.60088235294117,74.32407766990292,-0.4039002639741062,5.273581848947884,2.4590168511125663
2025-08-16 07:55:15.170611,70.60088235294117,74.32407766990292,-0.4039002639741062,5.273581848947884,2.4590168511125663
2025-08-16 07:55:17.129038,70.60088235294117,74.32407766990292,-0.4039002639741062,5.273581848947884,2.4590168511125663
2025-08-16 07:55:17.168511,70.60088235294117,74.32407766990292,-0.4039002639741062,5.273581848947884,2.4590168511125663
2025-08-16 07:55:18.590376,70.60088235294117,74.32407766990292,-0.4039002639741062,5.273581848947884,2.4590168511125663
2025-08-16 07:55:18.636204,70.60088235294117,74.32407766990292,-0.4039002639741062,5.273581848947884,2.4590168511125663
2025-08-16 07:55:19.284351,70.60088235294117,74.32407766990292,-0.4039002639741062,5.273581848947884,2.4590168511125663
2025-08-16 07:55:20.224173,70.60088235294117,74.32407766990292,-0.4039002639741062,5.273581848947884,2.4590168511125663
2025-08-16 07:55:20.250897,70.60088235294117,74.32407766990292,-0.4039002639741062,5.273581848947884,2.4590168511125663
2025-08-16 07:55:22.394517,70.60088235294117,74.32407766990292,-0.4039002639741062,5.273581848947884,2.4590168511125663
2025-08-16 07:55:23.757165,70.60088235294117,74.32407766990292,-0.4039002639741062,5.273581848947884,2.4590168511125663
2025-08-16 07:55:24.393881,70.60088235294117,74.32407766990292,-0.4039002639741062,5.273581848947884,2.4590168511125663
2025-08-16 07:55:25.362110,70.60088235294117,74.32407766990292,-0.4039002639741062,5.273581848947884,2.4590168511125663
2025-08-16 07:55:25.382366,70.60088235294117,74.32407766990292,-0.4039002639741062,5.273581848947884,2.4590168511125663
2025-08-16 07:55:27.595053,70.60088235294117,74.32407766990292,-0.4039002639741062,5.273581848947884,2.4590168511125663
2025-08-16 07:55:28.909429,70.60088235294117,74.32407766990292,-0.4039002639741062,5.273581848947884,2.4590168511125663
2025-08-16 07:55:28.952286,70.60088235294117,74.32407766990292,-0.4039002639741062,5.273581848947884,2.4590168511125663
2025-08-16 07:55:29.642153,70.60088235294117,74.32407766990292,-0.4039002639741062,5.273581848947884,2.4590168511125663
2025-08-16 07:55:30.455630,70.60088235294117,74.32407766990292,-0.4039002639741062,5.273581848947884,2.4590168511125663
2025-08-16 07:55:30.503237,70.60088235294117,74.32407766990292,-0.4039002639741062,5.273581848947884,2.4590168511125663
2025-08-16 07:55:32.775518,70.60088235294117,74.32407766990292,-0.4039002639741062,5.273581848947884,2.4590168511125663
2025-08-16 07:55:34.070428,70.60088235294117,74.32407766990292,-0.4039002639741062,5.273581848947884,2.4590168511125663
2025-08-16 07:55:34.150555,70.60088235294117,74.32407766990292,-0.4039002639741062,5.273581848947884,2.4590168511125663
2025-08-16 07:55:34.764355,70.60088235294117,74.32407766990292,-0.4039002639741062,5.273581848947884,2.4590168511125663
2025-08-16 07:55:35.650261,70.60088235294117,74.32407766990292,-0.4039002639741062,5.273581848947884,2.4590168511125663
2025-08-16 07:55:37.900259,70.60088235294117,74.32407766990292,-0.4039002639741062,5.273581848947884,2.4590168511125663
2025-08-16 07:55:38.512173,70.60088235294117,74.32407766990292,-0.4039002639741062,5.273581848947884,2.4590168511125663
2025-08-16 07:55:39.236943,70.60088235294117,74.32407766990292,-0.4039002639741062,5.273581848947884,2.4590168511125663
2025-08-16 07:55:39.284939,70.60088235294117,74.32407766990292,-0.4039002639741062,5.273581848947884,2.4590168511125663
2025-08-16 07:55:39.836047,70.60088235294117,74.32407766990292,-0.4039002639741062,5.273581848947884,2.4590168511125663
2025-08-16 07:55:40.775905,70.60088235294117,74.32407766990292,-0.4039002639741062,5.273581848947884,2.4590168511125663
2025-08-16 07:55:43.038040,70.60088235294117,74.32407766990292,-0.4039002639741062,5.273581848947884,2.4590168511125663
2025-08-16 07:55:43.671344,70.60088235294117,74.32407766990292,-0.4039002639741062,5.273581848947884,2.4590168511125663
2025-08-16 07:55:44.373068,70.60088235294117,74.32407766990292,-0.4039002639741062,5.273581848947884,2.4590168511125663
2025-08-16 07:55:44.402739,70.60088235294117,74.32407766990292,-0.4039002639741062,5.273581848947884,2.4590168511125663
2025-08-16 07:55:44.942369,70.60088235294117,74.32407766990292,-0.4039002639741062,5.273581848947884,2.4590168511125663
2025-08-16 07:55:45.916830,70.60088235294117,74.32407766990292,-0.4039002639741062,5.273581848947884,2.4590168511125663
2025-08-16 07:55:45.961965,70.60088235294117,74.32407766990292,-0.4039002639741062,5.273581848947884,2.4590168511125663
2025-08-16 07:55:48.194016,70.60088235294117,74.32407766990292,-0.4039002639741062,5.273581848947884,2.4590168511125663
2025-08-16 07:55:48.790152,70.60088235294117,74.32407766990292,-0.4039002639741062,5.273581848947884,2.4590168511125663
2025-08-16 07:55:49.494298,70.60088235294117,74.32407766990292,-0.4039002639741062,5.273581848947884,2.4590168511125663
2025-08-16 07:55:49.520250,70.60088235294117,74.32407766990292,-0.4039002639741062,5.273581848947884,2.4590168511125663
2025-08-16 07:55:51.071745,70.60088235294117,74.32407766990292,-0.4039002639741062,5.273581848947884,2.4590168511125663
2025-08-16 07:55:51.086120,70.60088235294117,74.32407766990292,-0.4039002639741062,5.273581848947884,2.4590168511125663
2025-08-16 07:55:52.644716,70.60088235294117,74.32407766990292,-0.4039002639741062,5.273581848947884,2.4590168511125663
2025-08-16 07:55:53.328106,70.60088235294117,74.32407766990292,-0.4039002639741062,5.273581848947884,2.4590168511125663
2025-08-16 07:55:53.912570,70.60088235294117,74.32407766990292,-0.4039002639741062,5.273581848947884,2.4590168511125663
2025-08-16 07:55:54.584225,70.60088235294117,74.32407766990292,-0.4039002639741062,5.273581848947884,2.4590168511125663
2025-08-16 07:55:54.599236,70.60088235294117,74.32407766990292,-0.4039002639741062,5.273581848947884,2.4590168511125663
2025-08-16 07:55:56.163169,70.60088235294117,74.32407766990292,-0.4039002639741062,5.273581848947884,2.4590168511125663
2025-08-16 07:55:56.202028,70.60088235294117,74.32407766990292,-0.4039002639741062,5.273581848947884,2.4590168511125663
2025-08-16 07:55:57.803113,70.60088235294117,74.32407766990292,-0.4039002639741062,5.273581848947884,2.4590168511125663
2025-08-16 07:55:58.538125,70.60088235294117,74.32407766990292,-0.4039002639741062,5.273581848947884,2.4590168511125663
2025-08-16 07:55:59.073651,70.60088235294117,74.32407766990292,-0.4039002639741062,5.273581848947884,2.4590168511125663
2025-08-16 07:55:59.690020,70.60088235294117,74.32407766990292,-0.4039002639741062,5.273581848947884,2.4590168511125663
2025-08-16 07:55:59.750206,70.60088235294117,74.32407766990292,-0.4039002639741062,5.273581848947884,2.4590168511125663
2025-08-16 07:56:01.274826,70.60088235294117,74.32407766990292,-0.4039002639741062,5.273581848947884,2.4590168511125663
2025-08-16 07:56:01.299701,70.60088235294117,74.32407766990292,-0.4039002639741062,5.273581848947884,2.4590168511125663
2025-08-16 07:56:02.893945,70.60088235294117,74.32407766990292,-0.4039002639741062,5.273581848947884,2.4590168511125663
2025-08-16 08:30:01.065043,70.60088235294117,74.32407766990292,-0.4039002639741062,5.273581848947884,2.4590168511125663
2025-08-16 08:30:01.132252,70.60088235294117,74.32407766990292,-0.4039002639741062,5.273581848947884,2.4590168511125663
2025-08-16 08:30:06.275908,70.60088235294117,74.32407766990292,-0.4039002639741062,5.273581848947884,2.4590168511125663
